{"cameraMode":{"drawMode":0,"name":"Shaded","section":"Shading Mode"},"sceneLighting":true,"audioPlay":false,"sceneViewState":{"showFog":true,"showMaterialUpdate":true,"showSkybox":true,"showFlares":true,"showImageEffects":true,"showParticleSystems":true},"in2DMode":false,"pivot":{"x":0.4801868796348572,"y":-1.8235325813293458,"z":-11.582429885864258},"rotation":{"x":-0.33910971879959109,"y":0.3781091272830963,"z":-0.15119680762290955,"w":-0.8480434417724609},"size":34.123111724853519,"orthographic":true}