{"cameraMode":{"drawMode":0,"name":"Shaded","section":"Shading Mode"},"sceneLighting":false,"audioPlay":false,"sceneViewState":{"showFog":false,"showMaterialUpdate":false,"showSkybox":false,"showFlares":false,"showImageEffects":false,"showParticleSystems":false},"in2DMode":false,"pivot":{"x":-129.4067840576172,"y":-114.45349884033203,"z":-145.3269500732422},"rotation":{"x":-0.09393914043903351,"y":0.9010757803916931,"z":-0.2453199326992035,"w":-0.34504497051239016},"size":591.396484375,"orthographic":false}