{"cameraMode":{"drawMode":0,"name":"Shaded","section":"Shading Mode"},"sceneLighting":false,"audioPlay":false,"sceneViewState":{"showFog":false,"showMaterialUpdate":false,"showSkybox":false,"showFlares":false,"showImageEffects":false,"showParticleSystems":false},"in2DMode":false,"pivot":{"x":0.5430199503898621,"y":6.455567836761475,"z":-20.279705047607423},"rotation":{"x":0.13928820192813874,"y":-0.652907133102417,"z":0.12387487292289734,"w":0.7341431975364685},"size":33.951419830322269,"orthographic":true}