{"cameraMode":{"drawMode":0,"name":"Shaded","section":"Shading Mode"},"sceneLighting":false,"audioPlay":false,"sceneViewState":{"showFog":false,"showMaterialUpdate":false,"showSkybox":false,"showFlares":false,"showImageEffects":false,"showParticleSystems":false},"in2DMode":false,"pivot":{"x":9.564827919006348,"y":2.001331329345703,"z":-3.5487520694732668},"rotation":{"x":0.34837809205055239,"y":0.6516188979148865,"z":-0.47510457038879397,"w":0.47780877351760867},"size":43.36746597290039,"orthographic":false}