{"cameraMode":{"drawMode":0,"name":"Shaded","section":"Shading Mode"},"sceneLighting":true,"audioPlay":false,"sceneViewState":{"showFog":true,"showMaterialUpdate":true,"showSkybox":true,"showFlares":true,"showImageEffects":true,"showParticleSystems":true},"in2DMode":false,"pivot":{"x":-4.337436676025391,"y":6.197219371795654,"z":-5.122154235839844},"rotation":{"x":-0.17590568959712983,"y":0.48144933581352236,"z":-0.09929951280355454,"w":-0.852879524230957},"size":44.67207336425781,"orthographic":true}