{"cameraMode":{"drawMode":0,"name":"Shaded","section":"Shading Mode"},"sceneLighting":false,"audioPlay":false,"sceneViewState":{"showFog":false,"showMaterialUpdate":false,"showSkybox":false,"showFlares":false,"showImageEffects":false,"showParticleSystems":false},"in2DMode":false,"pivot":{"x":1349.548828125,"y":525.8895263671875,"z":1462.708984375},"rotation":{"x":-0.061754219233989719,"y":0.23604169487953187,"z":0.01503396313637495,"w":0.9696621894836426},"size":3119.363525390625,"orthographic":false}