{"cameraMode":{"drawMode":0,"name":"Shaded","section":"Shading Mode"},"sceneLighting":false,"audioPlay":false,"sceneViewState":{"showFog":false,"showMaterialUpdate":false,"showSkybox":false,"showFlares":false,"showImageEffects":false,"showParticleSystems":false},"in2DMode":false,"pivot":{"x":1585.7684326171875,"y":642.99365234375,"z":1691.1182861328125},"rotation":{"x":0.09572820365428925,"y":-0.26912301778793337,"z":-0.026894496753811837,"w":-0.9579591155052185},"size":2568.489013671875,"orthographic":false}